SOC_Code,Occupation,Probability,FO_Score,Original_SOC,Match_Method
11-1011,Chief Executives,0.015,1.5,11-1011,direct
11-1021,General and Operations Managers,0.16,16.0,11-1021,direct
11-2011,Advertising and Promotions Managers,0.039,3.9,Nov-11,fuzzy_matched
11-2021,Marketing Managers,0.014,1.4,Nov-21,fuzzy_matched
11-2022,Sales Managers,0.013,1.3,Nov-22,fuzzy_matched
11-2032,Public Relations and Fundraising Managers,0.015,1.5,Nov-31,fuzzy_matched
11-3012,Administrative Services Managers,0.73,73.0,Nov-11,fuzzy_matched
11-3021,Computer and Information Systems Managers,0.035,3.5,Nov-21,fuzzy_matched
11-3031,Financial Managers,0.069,6.9,Nov-31,fuzzy_matched
11-3051,Industrial Production Managers,0.03,3.0,Nov-51,fuzzy_matched
11-3061,Purchasing Managers,0.03,3.0,Nov-61,fuzzy_matched
11-3071,Transportation; Storage; and Distribution Managers,0.59,59.0,Nov-71,fuzzy_matched
11-3111,Compensation and Benefits Managers,0.96,96.0,Nov-11,fuzzy_matched
11-3121,Human Resources Managers,0.0055,0.55,Nov-21,fuzzy_matched
11-3131,Training and Development Managers,0.0063,0.63,Nov-31,fuzzy_matched
11-9013,Farmers; Ranchers; and Other Agricultural Managers,0.047,4.7,Nov-13,fuzzy_matched
11-9021,Construction Managers,0.071,7.1,Nov-21,fuzzy_matched
11-9031,Education Administrators; Preschool and Childcare Center/Program,0.015,1.5,Nov-31,fuzzy_matched
11-9031,Education Administrators; Elementary and Secondary School,0.0046,0.46,Nov-32,fuzzy_matched
11-9033,Education Administrators; Postsecondary,0.01,1.0,Nov-33,fuzzy_matched
11-9041,Architectural and Engineering Managers,0.017,1.7,Nov-41,fuzzy_matched
11-9051,Food Service Managers,0.083,8.3,Nov-51,fuzzy_matched
11-1021,Gaming Managers,0.091,9.1,Nov-71,fuzzy_matched
11-9081,Lodging Managers,0.0039,0.39,Nov-81,fuzzy_matched
11-9111,Medical and Health Services Managers,0.0073,0.73,Nov-11,fuzzy_matched
11-9121,Natural Sciences Managers,0.018,1.8,Nov-21,fuzzy_matched
11-9131,Postmasters and Mail Superintendents,0.75,75.0,Nov-31,fuzzy_matched
11-9141,Property; Real Estate; and Community Association Managers,0.81,81.0,Nov-41,fuzzy_matched
11-9151,Social and Community Service Managers,0.0067,0.67,Nov-51,fuzzy_matched
11-9161,Emergency Management Directors,0.003,0.3,Nov-61,fuzzy_matched
11-9199,Managers; All Other,0.25,25.0,Nov-99,fuzzy_matched
13-1011,Agents and Business Managers of Artists; Performers; and Athletes,0.24,24.0,13-1011,direct
13-1021,Buyers and Purchasing Agents; Farm Products,0.87,87.0,13-1021,direct
13-1022,Wholesale and Retail Buyers; Except Farm Products,0.29,29.0,13-1022,direct
13-1023,Purchasing Agents; Except Wholesale; Retail; and Farm Products,0.77,77.0,13-1023,direct
13-1031,Claims Adjusters; Examiners; and Investigators,0.98,98.0,13-1031,direct
13-1032,Insurance Appraisers; Auto Damage,0.98,98.0,13-1032,direct
13-1041,Compliance Officers,0.08,8.0,13-1041,direct
13-1051,Cost Estimators,0.57,57.0,13-1051,direct
13-1074,Farm Labor Contractors,0.97,97.0,13-1074,direct
13-1078,Human Resources; Training; and Labor Relations Specialists; All Other,0.31,31.0,13-1078,direct
13-1081,Logisticians,0.012,1.2,13-1081,direct
13-1111,Management Analysts,0.13,13.0,13-1111,direct
13-1121,Meeting; Convention; and Event Planners,0.037,3.7,13-1121,direct
13-1141,Compensation; Benefits; and Job Analysis Specialists,0.47,47.0,13-1141,direct
13-1151,Training and Development Specialists,0.014,1.4,13-1151,direct
13-1161,Market Research Analysts and Marketing Specialists,0.61,61.0,13-1161,direct
13-1199,Business Operations Specialists; All Other,0.23,23.0,13-1199,direct
13-2011,Accountants and Auditors,0.94,94.0,13-2011,direct
13-2021,Appraisers and Assessors of Real Estate,0.9,90.0,13-2021,direct
13-2031,Budget Analysts,0.94,94.0,13-2031,direct
13-2041,Credit Analysts,0.98,98.0,13-2041,direct
13-2051,Financial Analysts,0.23,23.0,13-2051,direct
13-2052,Personal Financial Advisors,0.58,58.0,13-2052,direct
13-2053,Insurance Underwriters,0.99,99.0,13-2053,direct
13-2061,Financial Examiners,0.17,17.0,13-2061,direct
13-2071,Credit Counselors,0.04,4.0,13-2071,direct
13-2072,Loan Officers,0.98,98.0,13-2072,direct
13-2081,Tax Examiners and Collectors; and Revenue Agents,0.93,93.0,13-2081,direct
13-2082,Tax Preparers,0.99,99.0,13-2082,direct
13-2099,Financial Specialists; All Other,0.33,33.0,13-2099,direct
15-1111,Computer and Information Research Scientists,0.015,1.5,15-1111,direct
15-1121,Computer Systems Analysts,0.0065,0.65,15-1121,direct
15-1131,Computer Programmers,0.48,48.0,15-1131,direct
15-1132,Software Developers; Applications,0.042,4.2,15-1132,direct
15-1133,Software Developers; Systems Software,0.13,13.0,15-1133,direct
15-1141,Database Administrators,0.03,3.0,15-1141,direct
15-1142,Network and Computer Systems Administrators,0.03,3.0,15-1142,direct
15-1150,Computer Support Specialists,0.65,65.0,15-1150,direct
15-1179,Information Security Analysts; Web Developers; and Computer Network Architects,0.21,21.0,15-1179,direct
15-1799,Computer Occupations; All Other,0.22,22.0,15-1799,direct
15-2011,Actuaries,0.21,21.0,15-2011,direct
15-2021,Mathematicians,0.047,4.7,15-2021,direct
15-2031,Operations Research Analysts,0.035,3.5,15-2031,direct
15-2041,Statisticians,0.22,22.0,15-2041,direct
15-2091,Mathematical Technicians,0.99,99.0,15-2091,direct
17-1011,Architects; Except Landscape and Naval,0.018,1.8,17-1011,direct
17-1012,Landscape Architects,0.045,4.5,17-1012,direct
17-1021,Cartographers and Photogrammetrists,0.88,88.0,17-1021,direct
17-1022,Surveyors,0.38,38.0,17-1022,direct
17-2011,Aerospace Engineers,0.017,1.7,17-2011,direct
17-2021,Agricultural Engineers,0.49,49.0,17-2021,direct
17-2031,Biomedical Engineers,0.037,3.7,17-2031,direct
17-2041,Chemical Engineers,0.017,1.7,17-2041,direct
17-2051,Civil Engineers,0.019,1.9,17-2051,direct
17-2061,Computer Hardware Engineers,0.22,22.0,17-2061,direct
17-2071,Electrical Engineers,0.1,10.0,17-2071,direct
17-2072,Electronics Engineers; Except Computer,0.025,2.5,17-2072,direct
17-2081,Environmental Engineers,0.018,1.8,17-2081,direct
17-2111,Health and Safety Engineers; Except Mining Safety Engineers and Inspectors,0.028,2.8,17-2111,direct
17-2112,Industrial Engineers,0.029,2.9,17-2112,direct
17-2121,Marine Engineers and Naval Architects,0.01,1.0,17-2121,direct
17-2131,Materials Engineers,0.021,2.1,17-2131,direct
17-2141,Mechanical Engineers,0.011,1.1,17-2141,direct
17-2151,Mining and Geological Engineers; Including Mining Safety Engineers,0.14,14.0,17-2151,direct
17-2161,Nuclear Engineers,0.07,7.0,17-2161,direct
17-2171,Petroleum Engineers,0.16,16.0,17-2171,direct
17-2199,Engineers; All Other,0.014,1.4,17-2199,direct
17-3011,Architectural and Civil Drafters,0.52,52.0,17-3011,direct
17-3012,Electrical and Electronics Drafters,0.81,81.0,17-3012,direct
17-3013,Mechanical Drafters,0.68,68.0,17-3013,direct
17-3021,Aerospace Engineering and Operations Technicians,0.48,48.0,17-3021,direct
17-3022,Civil Engineering Technicians,0.75,75.0,17-3022,direct
17-3023,Electrical and Electronics Engineering Technicians,0.84,84.0,17-3023,direct
17-3024,Electro-Mechanical Technicians,0.81,81.0,17-3024,direct
17-3025,Environmental Engineering Technicians,0.25,25.0,17-3025,direct
17-3026,Industrial Engineering Technicians,0.03,3.0,17-3026,direct
17-3027,Mechanical Engineering Technicians,0.38,38.0,17-3027,direct
17-3029,Engineering Technicians; Except Drafters; All Other,0.24,24.0,17-3029,direct
17-3031,Surveying and Mapping Technicians,0.96,96.0,17-3031,direct
19-1011,Animal Scientists,0.061,6.1,19-1011,direct
19-1012,Food Scientists and Technologists,0.077,7.7,19-1012,direct
19-1013,Soil and Plant Scientists,0.021,2.1,19-1013,direct
19-1021,Biochemists and Biophysicists,0.027,2.7,19-1021,direct
19-1022,Microbiologists,0.012,1.2,19-1022,direct
19-1023,Zoologists and Wildlife Biologists,0.3,30.0,19-1023,direct
19-1029,Biological Scientists; All Other,0.015,1.5,19-1029,direct
19-1031,Conservation Scientists,0.016,1.6,19-1031,direct
19-1032,Foresters,0.0081,0.81,19-1032,direct
19-1041,Epidemiologists,0.2,20.0,19-1041,direct
19-1042,Medical Scientists; Except Epidemiologists,0.0045,0.45,19-1042,direct
19-2011,Astronomers,0.041,4.1,19-2011,direct
19-2012,Physicists,0.1,10.0,19-2012,direct
19-2021,Atmospheric and Space Scientists,0.67,67.0,19-2021,direct
19-2031,Chemists,0.1,10.0,19-2031,direct
19-2032,Materials Scientists,0.021,2.1,19-2032,direct
19-2041,Environmental Scientists and Specialists; Including Health,0.033,3.3,19-2041,direct
19-2042,Geoscientists; Except Hydrologists and Geographers,0.63,63.0,19-2042,direct
19-2043,Hydrologists,0.014,1.4,19-2043,direct
19-2099,Physical Scientists; All Other,0.43,43.0,19-2099,direct
19-3011,Economists,0.43,43.0,19-3011,direct
19-3022,Survey Researchers,0.23,23.0,19-3022,direct
19-3031,Clinical; Counseling; and School Psychologists,0.0047,0.47,19-3031,direct
19-3032,Industrial-Organizational Psychologists,0.012,1.2,19-3032,direct
19-3039,Psychologists; All Other,0.0043,0.43,19-3039,direct
19-3041,Sociologists,0.059,5.9,19-3041,direct
19-3051,Urban and Regional Planners,0.13,13.0,19-3051,direct
19-3091,Anthropologists and Archeologists,0.0077,0.77,19-3091,direct
19-3092,Geographers,0.25,25.0,19-3092,direct
19-3093,Historians,0.44,44.0,19-3093,direct
19-3094,Political Scientists,0.039,3.9,19-3094,direct
19-3099,Social Scientists and Related Workers; All Other,0.04,4.0,19-3099,direct
19-4011,Agricultural and Food Science Technicians,0.97,97.0,19-4011,direct
19-4021,Biological Technicians,0.3,30.0,19-4021,direct
19-4031,Chemical Technicians,0.57,57.0,19-4031,direct
19-4041,Geological and Petroleum Technicians,0.91,91.0,19-4041,direct
19-4051,Nuclear Technicians,0.85,85.0,19-4051,direct
19-4061,Social Science Research Assistants,0.65,65.0,19-4061,direct
19-4091,Environmental Science and Protection Technicians; Including Health,0.77,77.0,19-4091,direct
19-4092,Forensic Science Technicians,0.0095,0.95,19-4092,direct
19-4093,Forest and Conservation Technicians,0.42,42.0,19-4093,direct
19-4099,Life; Physical; and Social Science Technicians; All Other,0.61,61.0,19-4099,direct
21-1011,Substance Abuse and Behavioral Disorder Counselors,0.033,3.3,21-1011,direct
21-1012,Educational; Guidance; School; and Vocational Counselors,0.0085,0.85,21-1012,direct
21-1013,Marriage and Family Therapists,0.014,1.4,21-1013,direct
21-1014,Mental Health Counselors,0.0048,0.48,21-1014,direct
21-1015,Rehabilitation Counselors,0.0094,0.94,21-1015,direct
21-1021,Child; Family; and School Social Workers,0.028,2.8,21-1021,direct
21-1022,Healthcare Social Workers,0.0035,0.35,21-1022,direct
21-1023,Mental Health and Substance Abuse Social Workers,0.0031,0.31,21-1023,direct
21-1091,Health Educators,0.045,4.5,21-1091,direct
21-1092,Probation Officers and Correctional Treatment Specialists,0.25,25.0,21-1092,direct
21-1093,Social and Human Service Assistants,0.13,13.0,21-1093,direct
21-2011,Clergy,0.0081,0.81,21-2011,direct
21-2021,Directors; Religious Activities and Education,0.025,2.5,21-2021,direct
23-1011,Lawyers,0.035,3.5,23-1011,direct
23-1012,Judicial Law Clerks,0.41,41.0,23-1012,direct
23-1021,Administrative Law Judges; Adjudicators; and Hearing Officers,0.64,64.0,23-1021,direct
23-1022,Arbitrators; Mediators; and Conciliators,0.06,6.0,23-1022,direct
23-1023,Judges; Magistrate Judges; and Magistrates,0.4,40.0,23-1023,direct
23-2011,Paralegals and Legal Assistants,0.94,94.0,23-2011,direct
23-2091,Court Reporters,0.5,50.0,23-2091,direct
23-2093,Title Examiners; Abstractors; and Searchers,0.99,99.0,23-2093,direct
25-1000,Postsecondary Teachers,0.032,3.2,25-1000,direct
25-2011,Preschool Teachers; Except Special Education,0.0074,0.74,25-2011,direct
25-2012,Kindergarten Teachers; Except Special Education,0.15,15.0,25-2012,direct
25-2021,Elementary School Teachers; Except Special Education,0.0044,0.44,25-2021,direct
25-2022,Middle School Teachers; Except Special and Career/Technical Education,0.17,17.0,25-2022,direct
25-2023,Career/Technical Education Teachers; Middle School,0.26,26.0,25-2023,direct
25-2031,Secondary School Teachers; Except Special and Career/Technical Education,0.0078,0.78,25-2031,direct
25-2032,Career/Technical Education Teachers; Secondary School,0.0088,0.88,25-2032,direct
25-2053,Special Education Teachers; Middle School,0.016,1.6,25-2053,direct
25-2054,Special Education Teachers; Secondary School,0.0077,0.77,25-2054,direct
25-3011,Adult Basic and Secondary Education and Literacy Teachers and Instructors,0.19,19.0,25-3011,direct
25-3021,Self-Enrichment Education Teachers,0.13,13.0,25-3021,direct
25-3999,Teachers and Instructors; All Other,0.0095,0.95,25-3999,direct
25-4011,Archivists,0.76,76.0,25-4011,direct
25-4012,Curators,0.0068,0.68,25-4012,direct
25-4013,Museum Technicians and Conservators,0.59,59.0,25-4013,direct
25-4021,Librarians,0.65,65.0,25-4021,direct
25-4031,Library Technicians,0.99,99.0,25-4031,direct
25-9011,Audio-Visual and Multimedia Collections Specialists,0.39,39.0,25-9011,direct
25-9021,Farm and Home Management Advisors,0.0075,0.75,25-9021,direct
25-9031,Instructional Coordinators,0.0042,0.42,25-9031,direct
25-9041,Teacher Assistants,0.56,56.0,25-9041,direct
27-1011,Art Directors,0.023,2.3,27-1011,direct
27-1012,Craft Artists,0.035,3.5,27-1012,direct
27-1013,Fine Artists; Including Painters; Sculptors; and Illustrators,0.042,4.2,27-1013,direct
27-1014,Multimedia Artists and Animators,0.015,1.5,27-1014,direct
27-1021,Commercial and Industrial Designers,0.037,3.7,27-1021,direct
27-1022,Fashion Designers,0.021,2.1,27-1022,direct
27-1023,Floral Designers,0.047,4.7,27-1023,direct
27-1024,Graphic Designers,0.082,8.2,27-1024,direct
27-1025,Interior Designers,0.022,2.2,27-1025,direct
27-1026,Merchandise Displayers and Window Trimmers,0.48,48.0,27-1026,direct
27-1027,Set and Exhibit Designers,0.0055,0.55,27-1027,direct
27-2011,Actors,0.37,37.0,27-2011,direct
27-2012,Producers and Directors,0.022,2.2,27-2012,direct
27-2021,Athletes and Sports Competitors,0.28,28.0,27-2021,direct
27-2022,Coaches and Scouts,0.013,1.3,27-2022,direct
27-2023,Umpires; Referees; and Other Sports Officials,0.98,98.0,27-2023,direct
27-2031,Dancers,0.13,13.0,27-2031,direct
27-2032,Choreographers,0.004,0.4,27-2032,direct
27-2041,Music Directors and Composers,0.015,1.5,27-2041,direct
27-2042,Musicians and Singers,0.074,7.4,27-2042,direct
27-3011,Radio and Television Announcers,0.1,10.0,27-3011,direct
27-3012,Public Address System and Other Announcers,0.72,72.0,27-3012,direct
27-3021,Broadcast News Analysts,0.067,6.7,27-3021,direct
27-3022,Reporters and Correspondents,0.11,11.0,27-3022,direct
27-3031,Public Relations Specialists,0.18,18.0,27-3031,direct
27-3041,Editors,0.055,5.5,27-3041,direct
27-3042,Technical Writers,0.89,89.0,27-3042,direct
27-3043,Writers and Authors,0.038,3.8,27-3043,direct
27-3091,Interpreters and Translators,0.38,38.0,27-3091,direct
27-4011,Audio and Video Equipment Technicians,0.55,55.0,27-4011,direct
27-4012,Broadcast Technicians,0.74,74.0,27-4012,direct
27-4013,Radio Operators,0.98,98.0,27-4013,direct
27-4014,Sound Engineering Technicians,0.13,13.0,27-4014,direct
27-4021,Photographers,0.021,2.1,27-4021,direct
27-4031,Camera Operators; Television; Video; and Motion Picture,0.6,60.0,27-4031,direct
27-4032,Film and Video Editors,0.31,31.0,27-4032,direct
29-1011,Chiropractors,0.027,2.7,29-1011,direct
29-1021,Dentists; General,0.0044,0.44,29-1021,direct
29-1022,Oral and Maxillofacial Surgeons,0.0036,0.36,29-1022,direct
29-1023,Orthodontists,0.023,2.3,29-1023,direct
29-1024,Prosthodontists,0.055,5.5,29-1024,direct
29-1031,Dietitians and Nutritionists,0.0039,0.39,29-1031,direct
29-1041,Optometrists,0.14,14.0,29-1041,direct
29-1051,Pharmacists,0.012,1.2,29-1051,direct
29-1060,Physicians and Surgeons,0.0042,0.42,29-1060,direct
29-1071,Physician Assistants,0.14,14.0,29-1071,direct
29-1081,Podiatrists,0.0046,0.46,29-1081,direct
29-1111,Registered Nurses,0.009,0.9,29-1111,direct
29-1122,Occupational Therapists,0.0035,0.35,29-1122,direct
29-1123,Physical Therapists,0.021,2.1,29-1123,direct
29-1124,Radiation Therapists,0.34,34.0,29-1124,direct
29-1125,Recreational Therapists,0.0028,0.28,29-1125,direct
29-1126,Respiratory Therapists,0.066,6.6,29-1126,direct
29-1127,Speech-Language Pathologists,0.0064,0.64,29-1127,direct
29-1131,Veterinarians,0.038,3.8,29-1131,direct
29-1181,Audiologists,0.0033,0.33,29-1181,direct
29-1199,Health Diagnosing and Treating Practitioners; All Other,0.02,2.0,29-1199,direct
29-2011,Medical and Clinical Laboratory Technologists,0.9,90.0,29-2011,direct
29-2012,Medical and Clinical Laboratory Technicians,0.47,47.0,29-2012,direct
29-2021,Dental Hygienists,0.68,68.0,29-2021,direct
29-2031,Cardiovascular Technologists and Technicians,0.23,23.0,29-2031,direct
29-2032,Diagnostic Medical Sonographers,0.35,35.0,29-2032,direct
29-2033,Nuclear Medicine Technologists,0.13,13.0,29-2033,direct
29-2037,Radiologic Technologists and Technicians,0.23,23.0,29-2037,direct
29-2041,Emergency Medical Technicians and Paramedics,0.049,4.9,29-2041,direct
29-2051,Dietetic Technicians,0.13,13.0,29-2051,direct
29-2052,Pharmacy Technicians,0.92,92.0,29-2052,direct
29-2053,Psychiatric Technicians,0.043,4.3,29-2053,direct
29-2054,Respiratory Therapy Technicians,0.1,10.0,29-2054,direct
29-2055,Surgical Technologists,0.34,34.0,29-2055,direct
29-2056,Veterinary Technologists and Technicians,0.029,2.9,29-2056,direct
29-2061,Licensed Practical and Licensed Vocational Nurses,0.058,5.8,29-2061,direct
29-2071,Medical Records and Health Information Technicians,0.91,91.0,29-2071,direct
29-2081,Opticians; Dispensing,0.71,71.0,29-2081,direct
29-2091,Orthotists and Prosthetists,0.0035,0.35,29-2091,direct
29-2799,Health Technologists and Technicians; All Other,0.4,40.0,29-2799,direct
29-9011,Occupational Health and Safety Specialists,0.17,17.0,29-9011,direct
29-9012,Occupational Health and Safety Technicians,0.25,25.0,29-9012,direct
29-9091,Athletic Trainers,0.0071,0.71,29-9091,direct
29-9799,Healthcare Practitioners and Technical Workers; All Other,0.055,5.5,29-9799,direct
31-1011,Home Health Aides,0.39,39.0,31-1011,direct
31-1013,Psychiatric Aides,0.47,47.0,31-1013,direct
31-2011,Occupational Therapy Assistants,0.028,2.8,31-2011,direct
31-2012,Occupational Therapy Aides,0.27,27.0,31-2012,direct
31-2021,Physical Therapist Assistants,0.018,1.8,31-2021,direct
31-2022,Physical Therapist Aides,0.61,61.0,31-2022,direct
31-9011,Massage Therapists,0.54,54.0,31-9011,direct
31-9091,Dental Assistants,0.51,51.0,31-9091,direct
31-9092,Medical Assistants,0.3,30.0,31-9092,direct
31-9093,Medical Equipment Preparers,0.78,78.0,31-9093,direct
31-9094,Medical Transcriptionists,0.89,89.0,31-9094,direct
31-9095,Pharmacy Aides,0.72,72.0,31-9095,direct
31-9096,Veterinary Assistants and Laboratory Animal Caretakers,0.86,86.0,31-9096,direct
31-9799,Healthcare Support Workers; All Other,0.63,63.0,31-9799,direct
33-1011,First-Line Supervisors of Correctional Officers,0.025,2.5,33-1011,direct
33-1012,First-Line Supervisors of Police and Detectives,0.0044,0.44,33-1012,direct
33-1021,First-Line Supervisors of Fire Fighting and Prevention Workers,0.0036,0.36,33-1021,direct
33-2011,Firefighters,0.17,17.0,33-2011,direct
33-2021,Fire Inspectors and Investigators,0.48,48.0,33-2021,direct
33-2022,Forest Fire Inspectors and Prevention Specialists,0.048,4.8,33-2022,direct
33-3011,Bailiffs,0.36,36.0,33-3011,direct
33-3012,Correctional Officers and Jailers,0.6,60.0,33-3012,direct
33-3021,Detectives and Criminal Investigators,0.34,34.0,33-3021,direct
33-3031,Fish and Game Wardens,0.08,8.0,33-3031,direct
33-3041,Parking Enforcement Workers,0.84,84.0,33-3041,direct
33-3051,Police and Sheriffs Patrol Officers,0.098,9.8,33-3051,direct
33-3052,Transit and Railroad Police,0.57,57.0,33-3052,direct
33-9011,Animal Control Workers,0.21,21.0,33-9011,direct
33-9021,Private Detectives and Investigators,0.31,31.0,33-9021,direct
33-9031,Gaming Surveillance Officers and Gaming Investigators,0.95,95.0,33-9031,direct
33-9032,Security Guards,0.84,84.0,33-9032,direct
33-9091,Crossing Guards,0.49,49.0,33-9091,direct
33-9092,Lifeguards; Ski Patrol; and Other Recreational Protective Service Workers,0.67,67.0,33-9092,direct
35-1011,Chefs and Head Cooks,0.1,10.0,35-1011,direct
35-1012,First-Line Supervisors of Food Preparation and Serving Workers,0.63,63.0,35-1012,direct
35-2011,Cooks; Fast Food,0.81,81.0,35-2011,direct
35-2012,Cooks; Institution and Cafeteria,0.83,83.0,35-2012,direct
35-2013,Cooks; Private Household,0.3,30.0,35-2013,direct
35-2014,Cooks; Restaurant,0.96,96.0,35-2014,direct
35-2015,Cooks; Short Order,0.94,94.0,35-2015,direct
35-2021,Food Preparation Workers,0.87,87.0,35-2021,direct
35-3011,Bartenders,0.77,77.0,35-3011,direct
35-3021,Combined Food Preparation and Serving Workers; Including Fast Food,0.92,92.0,35-3021,direct
35-3022,Counter Attendants; Cafeteria; Food Concession; and Coffee Shop,0.96,96.0,35-3022,direct
35-3031,Waiters and Waitresses,0.94,94.0,35-3031,direct
35-3041,Food Servers; Nonrestaurant,0.86,86.0,35-3041,direct
35-9011,Dining Room and Cafeteria Attendants and Bartender Helpers,0.91,91.0,35-9011,direct
35-9021,Dishwashers,0.77,77.0,35-9021,direct
35-9031,Hosts and Hostesses; Restaurant; Lounge; and Coffee Shop,0.97,97.0,35-9031,direct
37-1011,First-Line Supervisors of Housekeeping and Janitorial Workers,0.94,94.0,37-1011,direct
37-1012,First-Line Supervisors of Landscaping; Lawn Service; and Groundskeeping Workers,0.57,57.0,37-1012,direct
37-2011,Janitors and Cleaners; Except Maids and Housekeeping Cleaners,0.66,66.0,37-2011,direct
37-2012,Maids and Housekeeping Cleaners,0.69,69.0,37-2012,direct
37-2021,Pest Control Workers,0.66,66.0,37-2021,direct
37-3011,Landscaping and Groundskeeping Workers,0.95,95.0,37-3011,direct
37-3012,Pesticide Handlers; Sprayers; and Applicators; Vegetation,0.97,97.0,37-3012,direct
37-3013,Tree Trimmers and Pruners,0.77,77.0,37-3013,direct
39-1011,Gaming Supervisors,0.28,28.0,39-1011,direct
39-1012,Slot Supervisors,0.54,54.0,39-1012,direct
39-1021,First-Line Supervisors of Personal Service Workers,0.076,7.6,39-1021,direct
39-2011,Animal Trainers,0.1,10.0,39-2011,direct
39-2021,Nonfarm Animal Caretakers,0.82,82.0,39-2021,direct
39-3011,Gaming Dealers,0.96,96.0,39-3011,direct
39-3012,Gaming and Sports Book Writers and Runners,0.91,91.0,39-3012,direct
39-3021,Motion Picture Projectionists,0.97,97.0,39-3021,direct
39-3031,Ushers; Lobby Attendants; and Ticket Takers,0.96,96.0,39-3031,direct
39-3091,Amusement and Recreation Attendants,0.72,72.0,39-3091,direct
39-3092,Costume Attendants,0.61,61.0,39-3092,direct
39-3093,Locker Room; Coatroom; and Dressing Room Attendants,0.43,43.0,39-3093,direct
39-4011,Embalmers,0.54,54.0,39-4011,direct
39-4021,Funeral Attendants,0.37,37.0,39-4021,direct
39-4831,Funeral Service Managers; Directors; Morticians; and Undertakers,0.2,20.0,39-4831,direct
39-5011,Barbers,0.8,80.0,39-5011,direct
39-5012,Hairdressers; Hairstylists; and Cosmetologists,0.11,11.0,39-5012,direct
39-5091,Makeup Artists; Theatrical and Performance,0.01,1.0,39-5091,direct
39-5092,Manicurists and Pedicurists,0.95,95.0,39-5092,direct
39-5093,Shampooers,0.79,79.0,39-5093,direct
39-5094,Skincare Specialists,0.29,29.0,39-5094,direct
39-6011,Baggage Porters and Bellhops,0.83,83.0,39-6011,direct
39-6012,Concierges,0.21,21.0,39-6012,direct
39-7011,Tour Guides and Escorts,0.91,91.0,39-7011,direct
39-7012,Travel Guides,0.057,5.7,39-7012,direct
39-9011,Childcare Workers,0.084,8.4,39-9011,direct
39-9021,Personal Care Aides,0.74,74.0,39-9021,direct
39-9031,Fitness Trainers and Aerobics Instructors,0.085,8.5,39-9031,direct
39-9032,Recreation Workers,0.0061,0.61,39-9032,direct
39-9041,Residential Advisors,0.064,6.4,39-9041,direct
41-1011,First-Line Supervisors of Retail Sales Workers,0.28,28.0,41-1011,direct
41-1012,First-Line Supervisors of Non-Retail Sales Workers,0.075,7.5,41-1012,direct
41-2011,Cashiers,0.97,97.0,41-2011,direct
41-2012,Gaming Change Persons and Booth Cashiers,0.83,83.0,41-2012,direct
41-2021,Counter and Rental Clerks,0.97,97.0,41-2021,direct
41-2022,Parts Salespersons,0.98,98.0,41-2022,direct
41-2031,Retail Salespersons,0.92,92.0,41-2031,direct
41-3011,Advertising Sales Agents,0.54,54.0,41-3011,direct
41-3021,Insurance Sales Agents,0.92,92.0,41-3021,direct
41-3031,Securities; Commodities; and Financial Services Sales Agents,0.016,1.6,41-3031,direct
41-3041,Travel Agents,0.099,9.9,41-3041,direct
41-4011,Sales Representatives; Wholesale and Manufacturing; Technical and Scientific Products,0.25,25.0,41-4011,direct
41-4012,Sales Representatives; Wholesale and Manufacturing; Except Technical and Scientific Products,0.85,85.0,41-4012,direct
41-9011,Demonstrators and Product Promoters,0.51,51.0,41-9011,direct
41-9012,Models,0.98,98.0,41-9012,direct
41-9021,Real Estate Brokers,0.97,97.0,41-9021,direct
41-9022,Real Estate Sales Agents,0.86,86.0,41-9022,direct
41-9031,Sales Engineers,0.0041,0.41,41-9031,direct
41-9041,Telemarketers,0.99,99.0,41-9041,direct
41-9091,Door-to-Door Sales Workers; News and Street Vendors; and Related Workers,0.94,94.0,41-9091,direct
43-1011,First-Line Supervisors of Office and Administrative Support Workers,0.014,1.4,43-1011,direct
43-2011,Switchboard Operators; Including Answering Service,0.96,96.0,43-2011,direct
43-2021,Telephone Operators,0.97,97.0,43-2021,direct
43-3011,Bill and Account Collectors,0.95,95.0,43-3011,direct
43-3021,Billing and Posting Clerks,0.96,96.0,43-3021,direct
43-3031,Bookkeeping; Accounting; and Auditing Clerks,0.98,98.0,43-3031,direct
43-3041,Gaming Cage Workers,0.39,39.0,43-3041,direct
43-3051,Payroll and Timekeeping Clerks,0.97,97.0,43-3051,direct
43-3061,Procurement Clerks,0.98,98.0,43-3061,direct
43-3071,Tellers,0.98,98.0,43-3071,direct
43-4011,Brokerage Clerks,0.98,98.0,43-4011,direct
43-4021,Correspondence Clerks,0.86,86.0,43-4021,direct
43-4031,Court; Municipal; and License Clerks,0.46,46.0,43-4031,direct
43-4041,Credit Authorizers; Checkers; and Clerks,0.97,97.0,43-4041,direct
43-4051,Customer Service Representatives,0.55,55.0,43-4051,direct
43-4061,Eligibility Interviewers; Government Programs,0.7,70.0,43-4061,direct
43-4071,File Clerks,0.97,97.0,43-4071,direct
43-4081,Hotel; Motel; and Resort Desk Clerks,0.94,94.0,43-4081,direct
43-4111,Interviewers; Except Eligibility and Loan,0.94,94.0,43-4111,direct
43-4121,Library Assistants; Clerical,0.95,95.0,43-4121,direct
43-4131,Loan Interviewers and Clerks,0.92,92.0,43-4131,direct
43-4141,New Accounts Clerks,0.99,99.0,43-4141,direct
43-4151,Order Clerks,0.98,98.0,43-4151,direct
43-4161,Human Resources Assistants; Except Payroll and Timekeeping,0.9,90.0,43-4161,direct
43-4171,Receptionists and Information Clerks,0.96,96.0,43-4171,direct
43-4181,Reservation and Transportation Ticket Agents and Travel Clerks,0.61,61.0,43-4181,direct
43-5011,Cargo and Freight Agents,0.99,99.0,43-5011,direct
43-5021,Couriers and Messengers,0.94,94.0,43-5021,direct
43-5031,Police; Fire; and Ambulance Dispatchers,0.49,49.0,43-5031,direct
43-5032,Dispatchers; Except Police; Fire; and Ambulance,0.96,96.0,43-5032,direct
43-5041,Meter Readers; Utilities,0.85,85.0,43-5041,direct
43-5051,Postal Service Clerks,0.95,95.0,43-5051,direct
43-5052,Postal Service Mail Carriers,0.68,68.0,43-5052,direct
43-5053,Postal Service Mail Sorters; Processors; and Processing Machine Operators,0.79,79.0,43-5053,direct
43-5061,Production; Planning; and Expediting Clerks,0.88,88.0,43-5061,direct
43-5071,Shipping; Receiving; and Traffic Clerks,0.98,98.0,43-5071,direct
43-5081,Stock Clerks and Order Fillers,0.64,64.0,43-5081,direct
43-5111,Weighers; Measurers; Checkers; and Samplers; Recordkeeping,0.95,95.0,43-5111,direct
43-6011,Executive Secretaries and Executive Administrative Assistants,0.86,86.0,43-6011,direct
43-6012,Legal Secretaries,0.98,98.0,43-6012,direct
43-6013,Medical Secretaries,0.81,81.0,43-6013,direct
43-6014,Secretaries and Administrative Assistants; Except Legal; Medical; and Executive,0.96,96.0,43-6014,direct
43-9011,Computer Operators,0.78,78.0,43-9011,direct
43-9021,Data Entry Keyers,0.99,99.0,43-9021,direct
43-9022,Word Processors and Typists,0.81,81.0,43-9022,direct
43-9031,Desktop Publishers,0.16,16.0,43-9031,direct
43-9041,Insurance Claims and Policy Processing Clerks,0.98,98.0,43-9041,direct
43-9051,Mail Clerks and Mail Machine Operators; Except Postal Service,0.94,94.0,43-9051,direct
43-9061,Office Clerks; General,0.96,96.0,43-9061,direct
43-9071,Office Machine Operators; Except Computer,0.92,92.0,43-9071,direct
43-9081,Proofreaders and Copy Markers,0.84,84.0,43-9081,direct
43-9111,Statistical Assistants,0.66,66.0,43-9111,direct
45-1011,First-Line Supervisors of Farming; Fishing; and Forestry Workers,0.57,57.0,45-1011,direct
45-2011,Agricultural Inspectors,0.94,94.0,45-2011,direct
45-2021,Animal Breeders,0.95,95.0,45-2021,direct
45-2041,Graders and Sorters; Agricultural Products,0.41,41.0,45-2041,direct
45-2090,Miscellaneous Agricultural Workers,0.87,87.0,45-2090,direct
45-3011,Fishers and Related Fishing Workers,0.83,83.0,45-3011,direct
45-3021,Hunters and Trappers,0.77,77.0,45-3021,direct
45-4011,Forest and Conservation Workers,0.87,87.0,45-4011,direct
45-4021,Fallers,0.76,76.0,45-4021,direct
45-4022,Logging Equipment Operators,0.79,79.0,45-4022,direct
45-4023,Log Graders and Scalers,0.97,97.0,45-4023,direct
47-1011,First-Line Supervisors of Construction Trades and Extraction Workers,0.17,17.0,47-1011,direct
47-2011,Boilermakers,0.68,68.0,47-2011,direct
47-2021,Brickmasons and Blockmasons,0.82,82.0,47-2021,direct
47-2022,Stonemasons,0.89,89.0,47-2022,direct
47-2031,Carpenters,0.72,72.0,47-2031,direct
47-2041,Carpet Installers,0.87,87.0,47-2041,direct
47-2042,Floor Layers; Except Carpet; Wood; and Hard Tiles,0.79,79.0,47-2042,direct
47-2043,Floor Sanders and Finishers,0.87,87.0,47-2043,direct
47-2044,Tile and Marble Setters,0.75,75.0,47-2044,direct
47-2051,Cement Masons and Concrete Finishers,0.94,94.0,47-2051,direct
47-2053,Terrazzo Workers and Finishers,0.88,88.0,47-2053,direct
47-2061,Construction Laborers,0.88,88.0,47-2061,direct
47-2071,Paving; Surfacing; and Tamping Equipment Operators,0.83,83.0,47-2071,direct
47-2072,Pile-Driver Operators,0.82,82.0,47-2072,direct
47-2073,Operating Engineers and Other Construction Equipment Operators,0.95,95.0,47-2073,direct
47-2081,Drywall and Ceiling Tile Installers,0.79,79.0,47-2081,direct
47-2082,Tapers,0.62,62.0,47-2082,direct
47-2111,Electricians,0.15,15.0,47-2111,direct
47-2121,Glaziers,0.73,73.0,47-2121,direct
47-2131,Insulation Workers; Floor; Ceiling; and Wall,0.83,83.0,47-2131,direct
47-2132,Insulation Workers; Mechanical,0.64,64.0,47-2132,direct
47-2141,Painters; Construction and Maintenance,0.75,75.0,47-2141,direct
47-2142,Paperhangers,0.87,87.0,47-2142,direct
47-2151,Pipelayers,0.62,62.0,47-2151,direct
47-2152,Plumbers; Pipefitters; and Steamfitters,0.35,35.0,47-2152,direct
47-2161,Plasterers and Stucco Masons,0.84,84.0,47-2161,direct
47-2171,Reinforcing Iron and Rebar Workers,0.9,90.0,47-2171,direct
47-2181,Roofers,0.9,90.0,47-2181,direct
47-2211,Sheet Metal Workers,0.82,82.0,47-2211,direct
47-2221,Structural Iron and Steel Workers,0.83,83.0,47-2221,direct
47-3011,HelpersBrickmasons; Blockmasons; Stonemasons; and Tile and Marble Setters,0.83,83.0,47-3011,direct
47-3012,HelpersCarpenters,0.92,92.0,47-3012,direct
47-3013,HelpersElectricians,0.74,74.0,47-3013,direct
47-3014,HelpersPainters; Paperhangers; Plasterers; and Stucco Masons,0.94,94.0,47-3014,direct
47-3015,HelpersPipelayers; Plumbers; Pipefitters; and Steamfitters,0.57,57.0,47-3015,direct
47-3016,HelpersRoofers,0.72,72.0,47-3016,direct
47-4011,Construction and Building Inspectors,0.63,63.0,47-4011,direct
47-4021,Elevator Installers and Repairers,0.39,39.0,47-4021,direct
47-4031,Fence Erectors,0.92,92.0,47-4031,direct
47-4041,Hazardous Materials Removal Workers,0.53,53.0,47-4041,direct
47-4051,Highway Maintenance Workers,0.87,87.0,47-4051,direct
47-4061,Rail-Track Laying and Maintenance Equipment Operators,0.89,89.0,47-4061,direct
47-4071,Septic Tank Servicers and Sewer Pipe Cleaners,0.83,83.0,47-4071,direct
47-4091,Segmental Pavers,0.83,83.0,47-4091,direct
47-4799,Construction and Related Workers; All Other,0.71,71.0,47-4799,direct
47-5011,Derrick Operators; Oil and Gas,0.8,80.0,47-5011,direct
47-5012,Rotary Drill Operators; Oil and Gas,0.53,53.0,47-5012,direct
47-5013,Service Unit Operators; Oil; Gas; and Mining,0.93,93.0,47-5013,direct
47-5021,Earth Drillers; Except Oil and Gas,0.85,85.0,47-5021,direct
47-5031,Explosives Workers; Ordnance Handling Experts; and Blasters,0.48,48.0,47-5031,direct
47-5041,Continuous Mining Machine Operators,0.54,54.0,47-5041,direct
47-5042,Mine Cutting and Channeling Machine Operators,0.59,59.0,47-5042,direct
47-5051,Rock Splitters; Quarry,0.96,96.0,47-5051,direct
47-5061,Roof Bolters; Mining,0.49,49.0,47-5061,direct
47-5071,Roustabouts; Oil and Gas,0.68,68.0,47-5071,direct
47-5081,HelpersExtraction Workers,0.37,37.0,47-5081,direct
49-1011,First-Line Supervisors of Mechanics; Installers; and Repairers,0.003,0.3,49-1011,direct
49-2011,Computer; Automated Teller; and Office Machine Repairers,0.74,74.0,49-2011,direct
49-2021,Radio; Cellular; and Tower Equipment Installers and Repairs,0.93,93.0,49-2021,direct
49-2022,Telecommunications Equipment Installers and Repairers; Except Line Installers,0.36,36.0,49-2022,direct
49-2091,Avionics Technicians,0.7,70.0,49-2091,direct
49-2092,Electric Motor; Power Tool; and Related Repairers,0.76,76.0,49-2092,direct
49-2093,Electrical and Electronics Installers and Repairers; Transportation Equipment,0.91,91.0,49-2093,direct
49-2094,Electrical and Electronics Repairers; Commercial and Industrial Equipment,0.41,41.0,49-2094,direct
49-2095,Electrical and Electronics Repairers; Powerhouse; Substation; and Relay,0.38,38.0,49-2095,direct
49-2096,Electronic Equipment Installers and Repairers; Motor Vehicles,0.61,61.0,49-2096,direct
49-2097,Electronic Home Entertainment Equipment Installers and Repairers,0.65,65.0,49-2097,direct
49-2098,Security and Fire Alarm Systems Installers,0.82,82.0,49-2098,direct
49-3011,Aircraft Mechanics and Service Technicians,0.71,71.0,49-3011,direct
49-3021,Automotive Body and Related Repairers,0.91,91.0,49-3021,direct
49-3022,Automotive Glass Installers and Repairers,0.55,55.0,49-3022,direct
49-3023,Automotive Service Technicians and Mechanics,0.59,59.0,49-3023,direct
49-3031,Bus and Truck Mechanics and Diesel Engine Specialists,0.73,73.0,49-3031,direct
49-3041,Farm Equipment Mechanics and Service Technicians,0.75,75.0,49-3041,direct
49-3042,Mobile Heavy Equipment Mechanics; Except Engines,0.4,40.0,49-3042,direct
49-3043,Rail Car Repairers,0.88,88.0,49-3043,direct
49-3051,Motorboat Mechanics and Service Technicians,0.66,66.0,49-3051,direct
49-3052,Motorcycle Mechanics,0.79,79.0,49-3052,direct
49-3053,Outdoor Power Equipment and Other Small Engine Mechanics,0.93,93.0,49-3053,direct
49-3091,Bicycle Repairers,0.94,94.0,49-3091,direct
49-3092,Recreational Vehicle Service Technicians,0.59,59.0,49-3092,direct
49-3093,Tire Repairers and Changers,0.7,70.0,49-3093,direct
49-9011,Mechanical Door Repairers,0.91,91.0,49-9011,direct
49-9012,Control and Valve Installers and Repairers; Except Mechanical Door,0.63,63.0,49-9012,direct
49-9021,Heating; Air Conditioning; and Refrigeration Mechanics and Installers,0.65,65.0,49-9021,direct
49-9031,Home Appliance Repairers,0.72,72.0,49-9031,direct
49-9041,Industrial Machinery Mechanics,0.67,67.0,49-9041,direct
49-9043,Maintenance Workers; Machinery,0.86,86.0,49-9043,direct
49-9044,Millwrights,0.59,59.0,49-9044,direct
49-9045,Refractory Materials Repairers; Except Brickmasons,0.82,82.0,49-9045,direct
49-9051,Electrical Power-Line Installers and Repairers,0.097,9.7,49-9051,direct
49-9052,Telecommunications Line Installers and Repairers,0.49,49.0,49-9052,direct
49-9061,Camera and Photographic Equipment Repairers,0.97,97.0,49-9061,direct
49-9062,Medical Equipment Repairers,0.27,27.0,49-9062,direct
49-9063,Musical Instrument Repairers and Tuners,0.91,91.0,49-9063,direct
49-9064,Watch Repairers,0.99,99.0,49-9064,direct
49-9071,Maintenance and Repair Workers; General,0.64,64.0,49-9071,direct
49-9091,Coin; Vending; and Amusement Machine Servicers and Repairers,0.94,94.0,49-9091,direct
49-9092,Commercial Divers,0.18,18.0,49-9092,direct
49-9093,Fabric Menders; Except Garment,0.96,96.0,49-9093,direct
49-9094,Locksmiths and Safe Repairers,0.77,77.0,49-9094,direct
49-9095,Manufactured Building and Mobile Home Installers,0.18,18.0,49-9095,direct
49-9096,Riggers,0.89,89.0,49-9096,direct
49-9097,Signal and Track Switch Repairers,0.9,90.0,49-9097,direct
49-9098,HelpersInstallation; Maintenance; and Repair Workers,0.79,79.0,49-9098,direct
49-9799,Installation; Maintenance; and Repair Workers; All Other,0.5,50.0,49-9799,direct
51-1011,First-Line Supervisors of Production and Operating Workers,0.016,1.6,51-1011,direct
51-2011,Aircraft Structure; Surfaces; Rigging; and Systems Assemblers,0.79,79.0,51-2011,direct
51-2021,Coil Winders; Tapers; and Finishers,0.73,73.0,51-2021,direct
51-2022,Electrical and Electronic Equipment Assemblers,0.95,95.0,51-2022,direct
51-2023,Electromechanical Equipment Assemblers,0.97,97.0,51-2023,direct
51-2031,Engine and Other Machine Assemblers,0.82,82.0,51-2031,direct
51-2041,Structural Metal Fabricators and Fitters,0.41,41.0,51-2041,direct
51-2091,Fiberglass Laminators and Fabricators,0.93,93.0,51-2091,direct
51-2092,Team Assemblers,0.97,97.0,51-2092,direct
51-2093,Timing Device Assemblers and Adjusters,0.98,98.0,51-2093,direct
51-3011,Bakers,0.89,89.0,51-3011,direct
51-3021,Butchers and Meat Cutters,0.93,93.0,51-3021,direct
51-3022,Meat; Poultry; and Fish Cutters and Trimmers,0.94,94.0,51-3022,direct
51-3023,Slaughterers and Meat Packers,0.6,60.0,51-3023,direct
51-3091,Food and Tobacco Roasting; Baking; and Drying Machine Operators and Tenders,0.91,91.0,51-3091,direct
51-3092,Food Batchmakers,0.7,70.0,51-3092,direct
51-3093,Food Cooking Machine Operators and Tenders,0.61,61.0,51-3093,direct
51-4011,Computer-Controlled Machine Tool Operators; Metal and Plastic,0.86,86.0,51-4011,direct
51-4012,Computer Numerically Controlled Machine Tool Programmers; Metal and Plastic,0.36,36.0,51-4012,direct
51-4021,Extruding and Drawing Machine Setters; Operators; and Tenders; Metal and Plastic,0.91,91.0,51-4021,direct
51-4022,Forging Machine Setters; Operators; and Tenders; Metal and Plastic,0.93,93.0,51-4022,direct
51-4023,Rolling Machine Setters; Operators; and Tenders; Metal and Plastic,0.83,83.0,51-4023,direct
51-4031,Cutting; Punching; and Press Machine Setters; Operators; and Tenders; Metal and Plastic,0.78,78.0,51-4031,direct
51-4032,Drilling and Boring Machine Tool Setters; Operators; and Tenders; Metal and Plastic,0.94,94.0,51-4032,direct
51-4033,Grinding; Lapping; Polishing; and Buffing Machine Tool Setters; Operators; and Tenders; Metal and Plastic,0.95,95.0,51-4033,direct
51-4034,Lathe and Turning Machine Tool Setters; Operators; and Tenders; Metal and Plastic,0.84,84.0,51-4034,direct
51-4035,Milling and Planing Machine Setters; Operators; and Tenders; Metal and Plastic,0.98,98.0,51-4035,direct
51-4041,Machinists,0.65,65.0,51-4041,direct
51-4051,Metal-Refining Furnace Operators and Tenders,0.88,88.0,51-4051,direct
51-4052,Pourers and Casters; Metal,0.87,87.0,51-4052,direct
51-4061,Model Makers; Metal and Plastic,0.93,93.0,51-4061,direct
51-4062,Patternmakers; Metal and Plastic,0.9,90.0,51-4062,direct
51-4071,Foundry Mold and Coremakers,0.67,67.0,51-4071,direct
51-4072,Molding; Coremaking; and Casting Machine Setters; Operators; and Tenders; Metal and Plastic,0.95,95.0,51-4072,direct
51-4081,Multiple Machine Tool Setters; Operators; and Tenders; Metal and Plastic,0.91,91.0,51-4081,direct
51-4111,Tool and Die Makers,0.84,84.0,51-4111,direct
51-4121,Welders; Cutters; Solderers; and Brazers,0.94,94.0,51-4121,direct
51-4122,Welding; Soldering; and Brazing Machine Setters; Operators; and Tenders,0.61,61.0,51-4122,direct
51-4191,Heat Treating Equipment Setters; Operators; and Tenders; Metal and Plastic,0.91,91.0,51-4191,direct
51-4192,Layout Workers; Metal and Plastic,0.84,84.0,51-4192,direct
51-4193,Plating and Coating Machine Setters; Operators; and Tenders; Metal and Plastic,0.92,92.0,51-4193,direct
51-4194,Tool Grinders; Filers; and Sharpeners,0.88,88.0,51-4194,direct
51-5111,Prepress Technicians and Workers,0.97,97.0,51-5111,direct
51-5112,Printing Press Operators,0.83,83.0,51-5112,direct
51-5113,Print Binding and Finishing Workers,0.95,95.0,51-5113,direct
51-6011,Laundry and Dry-Cleaning Workers,0.71,71.0,51-6011,direct
51-6021,Pressers; Textile; Garment; and Related Materials,0.81,81.0,51-6021,direct
51-6031,Sewing Machine Operators,0.89,89.0,51-6031,direct
51-6041,Shoe and Leather Workers and Repairers,0.52,52.0,51-6041,direct
51-6042,Shoe Machine Operators and Tenders,0.97,97.0,51-6042,direct
51-6051,Sewers; Hand,0.99,99.0,51-6051,direct
51-6052,Tailors; Dressmakers; and Custom Sewers,0.84,84.0,51-6052,direct
51-6061,Textile Bleaching and Dyeing Machine Operators and Tenders,0.97,97.0,51-6061,direct
51-6062,Textile Cutting Machine Setters; Operators; and Tenders,0.95,95.0,51-6062,direct
51-6063,Textile Knitting and Weaving Machine Setters; Operators; and Tenders,0.73,73.0,51-6063,direct
51-6064,Textile Winding; Twisting; and Drawing Out Machine Setters; Operators; and Tenders,0.96,96.0,51-6064,direct
51-6091,Extruding and Forming Machine Setters; Operators; and Tenders; Synthetic and Glass Fibers,0.88,88.0,51-6091,direct
51-6092,Fabric and Apparel Patternmakers,0.0049,0.49,51-6092,direct
51-6093,Upholsterers,0.39,39.0,51-6093,direct
51-7011,Cabinetmakers and Bench Carpenters,0.92,92.0,51-7011,direct
51-7021,Furniture Finishers,0.87,87.0,51-7021,direct
51-7031,Model Makers; Wood,0.96,96.0,51-7031,direct
51-7032,Patternmakers; Wood,0.91,91.0,51-7032,direct
51-7041,Sawing Machine Setters; Operators; and Tenders; Wood,0.86,86.0,51-7041,direct
51-7042,Woodworking Machine Setters; Operators; and Tenders; Except Sawing,0.97,97.0,51-7042,direct
51-8011,Nuclear Power Reactor Operators,0.95,95.0,51-8011,direct
51-8012,Power Distributors and Dispatchers,0.64,64.0,51-8012,direct
51-8013,Power Plant Operators,0.85,85.0,51-8013,direct
51-8021,Stationary Engineers and Boiler Operators,0.89,89.0,51-8021,direct
51-8031,Water and Wastewater Treatment Plant and System Operators,0.61,61.0,51-8031,direct
51-8091,Chemical Plant and System Operators,0.85,85.0,51-8091,direct
51-8092,Gas Plant Operators,0.78,78.0,51-8092,direct
51-8093,Petroleum Pump System Operators; Refinery Operators; and Gaugers,0.71,71.0,51-8093,direct
51-8099,Plant and System Operators; All Other,0.86,86.0,51-8099,direct
51-9011,Chemical Equipment Operators and Tenders,0.76,76.0,51-9011,direct
51-9012,Separating; Filtering; Clarifying; Precipitating; and Still Machine Setters; Operators; and Tenders,0.88,88.0,51-9012,direct
51-9021,Crushing; Grinding; and Polishing Machine Setters; Operators; and Tenders,0.97,97.0,51-9021,direct
51-9022,Grinding and Polishing Workers; Hand,0.97,97.0,51-9022,direct
51-9023,Mixing and Blending Machine Setters; Operators; and Tenders,0.83,83.0,51-9023,direct
51-9031,Cutters and Trimmers; Hand,0.64,64.0,51-9031,direct
51-9032,Cutting and Slicing Machine Setters; Operators; and Tenders,0.86,86.0,51-9032,direct
51-9041,Extruding; Forming; Pressing; and Compacting Machine Setters; Operators; and Tenders,0.93,93.0,51-9041,direct
51-9051,Furnace; Kiln; Oven; Drier; and Kettle Operators and Tenders,0.37,37.0,51-9051,direct
51-9061,Inspectors; Testers; Sorters; Samplers; and Weighers,0.98,98.0,51-9061,direct
51-9071,Jewelers and Precious Stone and Metal Workers,0.95,95.0,51-9071,direct
51-9081,Dental Laboratory Technicians,0.97,97.0,51-9081,direct
51-9082,Medical Appliance Technicians,0.45,45.0,51-9082,direct
51-9083,Ophthalmic Laboratory Technicians,0.97,97.0,51-9083,direct
51-9111,Packaging and Filling Machine Operators and Tenders,0.98,98.0,51-9111,direct
51-9121,Coating; Painting; and Spraying Machine Setters; Operators; and Tenders,0.91,91.0,51-9121,direct
51-9122,Painters; Transportation Equipment,0.69,69.0,51-9122,direct
51-9123,Painting; Coating; and Decorating Workers,0.92,92.0,51-9123,direct
51-9141,Semiconductor Processors,0.88,88.0,51-9141,direct
51-9151,Photographic Process Workers and Processing Machine Operators,0.99,99.0,51-9151,direct
51-9191,Adhesive Bonding Machine Operators and Tenders,0.95,95.0,51-9191,direct
51-9192,Cleaning; Washing; and Metal Pickling Equipment Operators and Tenders,0.81,81.0,51-9192,direct
51-9193,Cooling and Freezing Equipment Operators and Tenders,0.93,93.0,51-9193,direct
51-9194,Etchers and Engravers,0.98,98.0,51-9194,direct
51-9195,Molders; Shapers; and Casters; Except Metal and Plastic,0.9,90.0,51-9195,direct
51-9196,Paper Goods Machine Setters; Operators; and Tenders,0.67,67.0,51-9196,direct
51-9197,Tire Builders,0.94,94.0,51-9197,direct
51-9198,HelpersProduction Workers,0.66,66.0,51-9198,direct
51-9399,Production Workers; All Other,0.92,92.0,51-9399,direct
53-1011,Aircraft Cargo Handling Supervisors,0.066,6.6,53-1011,direct
53-1021,First-Line Supervisors of Helpers; Laborers; and Material Movers; Hand,0.42,42.0,53-1021,direct
53-1031,First-Line Supervisors of Transportation and Material-Moving Machine and Vehicle Operators,0.029,2.9,53-1031,direct
53-2011,Airline Pilots; Copilots; and Flight Engineers,0.18,18.0,53-2011,direct
53-2012,Commercial Pilots,0.55,55.0,53-2012,direct
53-2021,Air Traffic Controllers,0.11,11.0,53-2021,direct
53-2022,Airfield Operations Specialists,0.71,71.0,53-2022,direct
53-2031,Flight Attendants,0.35,35.0,53-2031,direct
53-3011,Ambulance Drivers and Attendants; Except Emergency Medical Technicians,0.25,25.0,53-3011,direct
53-3021,Bus Drivers; Transit and Intercity,0.67,67.0,53-3021,direct
53-3022,Bus Drivers; School or Special Client,0.89,89.0,53-3022,direct
53-3031,Driver/Sales Workers,0.98,98.0,53-3031,direct
53-3032,Heavy and Tractor-Trailer Truck Drivers,0.79,79.0,53-3032,direct
53-3033,Light Truck or Delivery Services Drivers,0.69,69.0,53-3033,direct
53-3041,Taxi Drivers and Chauffeurs,0.89,89.0,53-3041,direct
53-4011,Locomotive Engineers,0.96,96.0,53-4011,direct
53-4012,Locomotive Firers,0.93,93.0,53-4012,direct
53-4013,Rail Yard Engineers; Dinkey Operators; and Hostlers,0.91,91.0,53-4013,direct
53-4021,Railroad Brake; Signal; and Switch Operators,0.83,83.0,53-4021,direct
53-4031,Railroad Conductors and Yardmasters,0.83,83.0,53-4031,direct
53-4041,Subway and Streetcar Operators,0.86,86.0,53-4041,direct
53-5011,Sailors and Marine Oilers,0.83,83.0,53-5011,direct
53-5021,Captains; Mates; and Pilots of Water Vessels,0.27,27.0,53-5021,direct
53-5022,Motorboat Operators,0.62,62.0,53-5022,direct
53-5031,Ship Engineers,0.041,4.1,53-5031,direct
53-6011,Bridge and Lock Tenders,0.97,97.0,53-6011,direct
53-6021,Parking Lot Attendants,0.87,87.0,53-6021,direct
53-6031,Automotive and Watercraft Service Attendants,0.83,83.0,53-6031,direct
53-6041,Traffic Technicians,0.9,90.0,53-6041,direct
53-6051,Transportation Inspectors,0.9,90.0,53-6051,direct
53-6061,Transportation Attendants; Except Flight Attendants,0.75,75.0,53-6061,direct
53-7011,Conveyor Operators and Tenders,0.93,93.0,53-7011,direct
53-7021,Crane and Tower Operators,0.9,90.0,53-7021,direct
53-7031,Dredge Operators,0.92,92.0,53-7031,direct
53-7032,Excavating and Loading Machine and Dragline Operators,0.94,94.0,53-7032,direct
53-7033,Loading Machine Operators; Underground Mining,0.5,50.0,53-7033,direct
53-7041,Hoist and Winch Operators,0.65,65.0,53-7041,direct
53-7051,Industrial Truck and Tractor Operators,0.93,93.0,53-7051,direct
53-7061,Cleaners of Vehicles and Equipment,0.37,37.0,53-7061,direct
53-7062,Laborers and Freight; Stock; and Material Movers; Hand,0.85,85.0,53-7062,direct
53-7063,Machine Feeders and Offbearers,0.93,93.0,53-7063,direct
53-7064,Packers and Packagers; Hand,0.38,38.0,53-7064,direct
53-7071,Gas Compressor and Gas Pumping Station Operators,0.91,91.0,53-7071,direct
53-7072,Pump Operators; Except Wellhead Pumpers,0.9,90.0,53-7072,direct
53-7073,Wellhead Pumpers,0.84,84.0,53-7073,direct
53-7081,Refuse and Recyclable Material Collectors,0.93,93.0,53-7081,direct
53-7111,Mine Shuttle Car Operators,0.37,37.0,53-7111,direct
53-7121,Tank Car; Truck; and Ship Loaders,0.72,72.0,53-7121,direct
